-- =====================================================
-- PETASYNC DATA MIGRATION FROM SUPABASE TO HETZNER
-- =====================================================

-- 1. CUSTOMERS
INSERT INTO customers (id, customer_number, company_name, first_name, last_name, email, phone, street, zip, city, customer_type, tags, notes, total_revenue, inquiry_count, last_inquiry_at, created_at, updated_at) VALUES
('2e57098f-1475-4aa9-8100-7fbfeb3b8282', NULL, '', 'Markus ', 'Fuchs', '', '', 'hohenlohe Straße 8', '91452', 'Wilhermsdorf ', 'privat', '{}', '', 0, 0, NULL, '2025-12-26T05:43:08.665973+00:00', '2025-12-26T05:43:08.665973+00:00'),
('5d7c05ca-2014-44ec-960e-a0a5bf15d74b', NULL, '', 'Reinhard', 'Preßl', 'privat@pressl.de', '01717810470', '', '', '', 'privat', '{}', '', 0, 0, NULL, '2025-12-26T17:06:07.95872+00:00', '2025-12-26T17:06:07.95872+00:00'),
('31d252c3-cc1d-45bc-972c-29bf861570ca', NULL, '', 'Kein Name ', 'Lemo', 'lemo6r@gmail.com', '', '', '', '', 'privat', '{}', '', 0, 0, NULL, '2026-01-01T19:25:36.233637+00:00', '2026-01-01T19:25:36.233637+00:00'),
('597c7cbc-8827-48a2-b6e7-ae63ad498116', NULL, '', 'Johann', 'Meyer', 'johnfried.mey@gmail.com', '017634693255', 'Hauptsraße 59', '91725', 'Ehingen', 'privat', '{}', '', 0, 0, NULL, '2026-01-29T15:00:50.606233+00:00', '2026-01-29T15:00:50.606233+00:00')
ON CONFLICT (id) DO NOTHING;

-- 2. SERVICE CATALOG
INSERT INTO service_catalog (id, name, description, category, default_price, unit, is_active, sort_order, created_at, updated_at) VALUES
('38e75282-992c-4280-ae47-e0f2552954ec', 'Diagnose & Fehleranalyse', 'Professionelle Fehleranalyse Ihres Computers – wir finden das Problem schnell und zuverlässig. Inkl. Hardware-Check, Software-Analyse und Fehlerprotokoll.', 'Privatkunden', 0, 'pauschal', true, 1, '2025-12-31T06:22:51.832791+00:00', '2025-12-31T06:22:51.832791+00:00'),
('de0e9f30-391d-45c9-9c99-67ce8278a13b', 'PC Reinigung', 'Professionelle Reinigung für bessere Leistung und längere Lebensdauer. Ihr PC wird wieder leise und kühl. Inkl. Innen- & Außenreinigung, Lüfter-Wartung, Wärmeleitpaste erneuern.', 'Privatkunden', 25, 'pauschal', true, 2, '2025-12-31T06:22:51.832791+00:00', '2025-12-31T06:22:51.832791+00:00'),
('69329756-a6af-4bd1-9b49-96c741673912', 'PC Reparatur', 'Schnelle Diagnose und professionelle Reparatur aller gängigen Marken und Modelle. Display-Austausch, Tastatur-Reparatur, Akku-Wechsel, Mainboard-Reparatur.', 'Privatkunden', 49, 'Std.', true, 3, '2025-12-31T06:22:51.832791+00:00', '2026-01-29T15:04:53.383704+00:00'),
('5f292522-801d-451a-bd82-ffb0f9e4812e', 'Laptop Reparatur', 'Professionelle Laptop-Reparatur: Display-Austausch, Tastatur-Reparatur, Akku-Wechsel, Mainboard-Reparatur.', 'Privatkunden', 49, 'Std.', true, 4, '2025-12-31T06:22:51.832791+00:00', '2026-01-29T15:04:58.761934+00:00'),
('deef7550-87ee-45b3-b71a-324bbec1cbd5', 'Datenrettung', 'Professionelle Wiederherstellung Ihrer wertvollen Daten von defekten Speichermedien. Festplatten-Recovery, SSD-Datenrettung, USB-Stick Rettung.', 'Privatkunden', 89, 'pauschal', true, 5, '2025-12-31T06:22:51.832791+00:00', '2025-12-31T06:22:51.832791+00:00'),
('36d7da41-a7fd-46a4-bed4-d9cd209c4f57', 'IT-Sicherheit & Virenentfernung', 'Gründliche Entfernung von Schadsoftware und Einrichtung eines effektiven Schutzes. Malware-Entfernung, Ransomware-Hilfe, Antivirus-Setup, Firewall-Konfiguration.', 'Privatkunden', 45, 'pauschal', true, 6, '2025-12-31T06:22:51.832791+00:00', '2025-12-31T06:22:51.832791+00:00'),
('bf613642-36d7-47d0-bf72-6f28cb506f62', 'PC-Aufrüstung', 'Mehr Leistung für Ihren Computer durch gezielte Hardware-Upgrades. SSD-Upgrade, RAM-Erweiterung, Grafikkarten-Einbau, CPU-Wechsel.', 'Privatkunden', 25, 'Stunde', true, 7, '2025-12-31T06:22:51.832791+00:00', '2025-12-31T06:22:51.832791+00:00'),
('3b677977-44dd-45c2-885f-f42fcd91ac77', 'SSD-Upgrade', 'Austausch Ihrer alten Festplatte gegen eine schnelle SSD inkl. Datenübertragung.', 'Privatkunden', 49, 'pauschal', true, 8, '2025-12-31T06:22:51.832791+00:00', '2025-12-31T06:22:51.832791+00:00'),
('365ab1ad-046c-4357-97a7-a5387f4fc121', 'RAM-Erweiterung', 'Aufrüstung des Arbeitsspeichers für bessere Performance (exkl. Hardware).', 'Privatkunden', 29, 'pauschal', true, 9, '2025-12-31T06:22:51.832791+00:00', '2025-12-31T06:22:51.832791+00:00'),
('a86e438e-b881-4164-ad3e-461cbd6986fd', 'Grafikkarten-Einbau', 'Installation einer neuen Grafikkarte inkl. Treiberinstallation (exkl. Hardware).', 'Privatkunden', 39, 'pauschal', true, 10, '2025-12-31T06:22:51.832791+00:00', '2025-12-31T06:22:51.832791+00:00'),
('14e43de4-a59a-4c22-947e-6546d34108a7', 'Netzwerk & WLAN Einrichtung', 'Einrichtung und Optimierung Ihres Heimnetzwerks für beste Verbindung. Router-Setup, WLAN-Optimierung, Netzwerk-Sicherheit.', 'Privatkunden', 45, 'pauschal', true, 11, '2025-12-31T06:22:51.832791+00:00', '2025-12-31T06:22:51.832791+00:00'),
('c342e8b5-9e27-487d-a11a-2566f3f36f07', 'WLAN-Optimierung', 'Verbesserung Ihrer WLAN-Reichweite und -Geschwindigkeit.', 'Privatkunden', 39, 'pauschal', true, 12, '2025-12-31T06:22:51.832791+00:00', '2025-12-31T06:22:51.832791+00:00'),
('4453f449-712d-43d2-954b-9da1e04903ff', 'PC Zusammenbau', 'Wir bauen Ihren Wunsch-PC nach Ihren Anforderungen zusammen – ob Gaming, Office oder Workstation. Individuelle Konfiguration, Windows-Installation, 12 Monate Garantie.', 'Privatkunden', 69, 'pauschal', true, 13, '2025-12-31T06:22:51.832791+00:00', '2025-12-31T06:22:51.832791+00:00'),
('cb1953f6-2e8e-486e-b3c2-11a6ad25b3d7', 'Leih-PC Service', 'Während Ihr Gerät repariert wird, arbeiten Sie einfach mit unserem Leihgerät weiter. Kostenloser Leih-PC, Datenübertragung, keine Ausfallzeit.', 'Privatkunden', 0, 'pauschal', true, 14, '2025-12-31T06:22:51.832791+00:00', '2025-12-31T06:22:51.832791+00:00'),
('56d1c359-445d-40d0-88fe-ee1b4066e1a5', 'IT-Support Remote', 'Zuverlässiger IT-Support per Fernwartung für Ihr Unternehmen.', 'Geschäftskunden', 50, 'Stunde', true, 100, '2025-12-31T06:22:51.832791+00:00', '2025-12-31T06:22:51.832791+00:00'),
('96e93d26-4f1d-4487-9c03-24703d7adc86', 'IT-Support Vor-Ort', 'Zuverlässiger IT-Support direkt vor Ort bei Ihnen im Unternehmen.', 'Geschäftskunden', 75, 'Stunde', true, 101, '2025-12-31T06:22:51.832791+00:00', '2025-12-31T06:22:51.832791+00:00'),
('19c9610f-df51-42dd-a74c-fcfec868a76d', 'IT-Support Flatrate', 'Support-Flatrate: Unlimitierter Support für eine monatliche Pauschale.', 'Geschäftskunden', 99, 'Monat', true, 102, '2025-12-31T06:22:51.832791+00:00', '2025-12-31T06:22:51.832791+00:00'),
('44e5b254-079e-4278-877a-9fe4d0120869', 'Managed Services (5 User)', 'Komplette IT-Betreuung als monatliche Flatrate für bis zu 5 Benutzer. PC-Verwaltung, Server-Monitoring, Proaktive Wartung.', 'Geschäftskunden', 175, 'Monat', true, 103, '2025-12-31T06:22:51.832791+00:00', '2025-12-31T06:22:51.832791+00:00'),
('11f98e8d-0ff9-4ef1-9bea-55a0c8373c98', 'Managed Services (10 User)', 'Komplette IT-Betreuung als monatliche Flatrate für bis zu 10 Benutzer.', 'Geschäftskunden', 350, 'Monat', true, 104, '2025-12-31T06:22:51.832791+00:00', '2025-12-31T06:22:51.832791+00:00'),
('ce220128-b552-4f01-85ba-18fe557132d9', 'Managed Services (20 User)', 'Komplette IT-Betreuung als monatliche Flatrate für bis zu 20 Benutzer.', 'Geschäftskunden', 700, 'Monat', true, 105, '2025-12-31T06:22:51.832791+00:00', '2025-12-31T06:22:51.832791+00:00'),
('9055d49d-e371-4784-b52b-e84a2bf31bf5', 'Managed Services Pro User', 'Preis pro zusätzlichem Benutzer bei Managed Services.', 'Geschäftskunden', 35, 'User/Monat', true, 106, '2025-12-31T06:22:51.832791+00:00', '2025-12-31T06:22:51.832791+00:00'),
('ea1a462e-96ed-47da-aa32-e246120b00ea', 'IT-Infrastruktur Setup', 'Server, Netzwerk und Cloud-Lösungen für Ihr Unternehmen. Server-Setup, Netzwerk-Konfiguration, Cloud-Migration.', 'Geschäftskunden', 299, 'Projekt', true, 107, '2025-12-31T06:22:51.832791+00:00', '2025-12-31T06:22:51.832791+00:00'),
('625de668-31ef-42d8-9b2f-d2cc71498e2b', 'Server-Installation', 'Installation und Konfiguration von Windows/Linux Servern.', 'Geschäftskunden', 499, 'Projekt', true, 108, '2025-12-31T06:22:51.832791+00:00', '2025-12-31T06:22:51.832791+00:00'),
('b52218ec-0535-49a1-b896-103081ad695a', 'Netzwerk-Installation', 'Planung und Einrichtung von Unternehmensnetzwerken.', 'Geschäftskunden', 399, 'Projekt', true, 109, '2025-12-31T06:22:51.832791+00:00', '2025-12-31T06:22:51.832791+00:00'),
('a08d28a5-6bf6-4df0-8563-8e333de94074', 'IT-Sicherheit Audit', 'Umfassender Schutz für Ihre Unternehmensdaten und Systeme. Firewall-Setup, Security-Audit, Endpoint-Protection.', 'Geschäftskunden', 299, 'Projekt', true, 110, '2025-12-31T06:22:51.832791+00:00', '2025-12-31T06:22:51.832791+00:00'),
('ba080dde-fa12-45ff-8560-9845b53d3fcd', 'Firewall-Einrichtung', 'Installation und Konfiguration professioneller Firewalls.', 'Geschäftskunden', 249, 'Projekt', true, 111, '2025-12-31T06:22:51.832791+00:00', '2025-12-31T06:22:51.832791+00:00'),
('e60b8af5-3aff-4c7a-9eb8-8c9fd8f0294e', 'Security-Audit', 'Umfassende Prüfung Ihrer IT-Sicherheit mit Bericht und Handlungsempfehlungen.', 'Geschäftskunden', 399, 'Projekt', true, 112, '2025-12-31T06:22:51.832791+00:00', '2025-12-31T06:22:51.832791+00:00'),
('678eb0a0-d626-4c45-8229-f0e541dbf4fe', 'Office 365 Setup', 'Einrichtung von Microsoft Office 365 inkl. E-Mail-Migration und Benutzer-Setup.', 'Geschäftskunden', 199, 'Projekt', true, 113, '2025-12-31T06:22:51.832791+00:00', '2025-12-31T06:22:51.832791+00:00'),
('31556617-d37d-4df5-bdd7-f14eac8dba02', 'Office 365 Lizenz', 'Microsoft Office 365 Business Lizenz pro Benutzer (monatlich).', 'Geschäftskunden', 12, 'User/Monat', true, 114, '2025-12-31T06:22:51.832791+00:00', '2025-12-31T06:22:51.832791+00:00'),
('8e7c8c02-9853-4ab3-83ba-bb357e597c5a', 'Cloud-Server Setup', 'Einrichtung von Cloud-Servern (Azure, AWS, etc.).', 'Geschäftskunden', 399, 'Projekt', true, 115, '2025-12-31T06:22:51.832791+00:00', '2025-12-31T06:22:51.832791+00:00'),
('4109b350-4fb6-47df-8a12-d0d81f53580d', 'Cloud-Backup Einrichtung', 'Automatische Cloud-Backup-Lösung für Ihre Unternehmensdaten.', 'Geschäftskunden', 149, 'Projekt', true, 116, '2025-12-31T06:22:51.832791+00:00', '2025-12-31T06:22:51.832791+00:00'),
('7b825819-c045-4ed5-9d09-8604faf3bc63', 'Enterprise WLAN Setup', 'Enterprise-Netzwerke, VPN und strukturierte Verkabelung. WLAN-Setup, VPN-Lösungen, Verkabelung.', 'Geschäftskunden', 299, 'Projekt', true, 117, '2025-12-31T06:22:51.832791+00:00', '2025-12-31T06:22:51.832791+00:00'),
('e77d8e28-3eb4-413c-b412-b6836f4ef9ab', 'VPN-Einrichtung', 'Sichere VPN-Verbindung für Home-Office und Außendienstmitarbeiter.', 'Geschäftskunden', 199, 'Projekt', true, 118, '2025-12-31T06:22:51.832791+00:00', '2025-12-31T06:22:51.832791+00:00'),
('f2b505ea-ee08-4981-9dea-94a1387bfdcb', 'Netzwerk-Verkabelung', 'Professionelle strukturierte Verkabelung (Cat6/Cat7) inkl. Patchpanel.', 'Geschäftskunden', 79, 'Dose', true, 119, '2025-12-31T06:22:51.832791+00:00', '2025-12-31T06:22:51.832791+00:00'),
('3b2d832b-88ad-4786-a029-f11ce7551d81', 'IT-Beratung', 'Strategische IT-Beratung für Digitalisierung und Optimierung. IT-Strategie, Digitalisierung, DSGVO-Beratung.', 'Geschäftskunden', 89, 'Stunde', true, 120, '2025-12-31T06:22:51.832791+00:00', '2025-12-31T06:22:51.832791+00:00'),
('3fa4681d-99bf-4f29-8fdf-55fb99eb0930', 'DSGVO IT-Beratung', 'IT-seitige Beratung zur DSGVO-Konformität Ihrer Systeme.', 'Geschäftskunden', 399, 'Projekt', true, 121, '2025-12-31T06:22:51.832791+00:00', '2025-12-31T06:22:51.832791+00:00'),
('7d1d8e94-76a7-4900-93c7-efe84d7199d6', 'Business-PC Setup', 'Business-PCs, Laptops und Workstations inkl. Setup. Volumen-Rabatte, Windows Pro, Installation inklusive.', 'Geschäftskunden', 69, 'Stück', true, 122, '2025-12-31T06:22:51.832791+00:00', '2025-12-31T06:22:51.832791+00:00'),
('04aac647-5858-4613-aba8-c864af8b7a97', 'Arbeitsplatz-Einrichtung', 'Komplette Einrichtung eines Büro-Arbeitsplatzes inkl. PC, Peripherie und Software.', 'Geschäftskunden', 149, 'Stück', true, 123, '2025-12-31T06:22:51.832791+00:00', '2025-12-31T06:22:51.832791+00:00'),
('d0c54dbe-80f4-4058-bee4-0aefcbddaf53', 'Website Template', 'Schnell & günstig: Professionelles Design auf Basis bewährter Templates. Fertige Design-Vorlage, Ihre Texte & Bilder, bis zu 5 Seiten, Mobile-optimiert, Kontaktformular, SSL-Zertifikat. Live in 5-7 Tagen!', 'Webdesign', 599, 'Projekt', true, 200, '2025-12-31T06:22:51.832791+00:00', '2025-12-31T06:22:51.832791+00:00'),
('5457d13e-18ee-4423-9f77-c5d9698e87e1', 'Website Starter', 'Ideal für Selbstständige und kleine Unternehmen. Individuelles Design, bis zu 5 Seiten, Responsive Design, Kontaktformular, Basis SEO, 1 Monat Support.', 'Webdesign', 999, 'Projekt', true, 201, '2025-12-31T06:22:51.832791+00:00', '2025-12-31T06:22:51.832791+00:00'),
('801bd60f-f967-46d3-8ce8-32092d4ffa02', 'Website Business', 'Für wachsende Unternehmen mit mehr Anforderungen. Premium Design, bis zu 10 Seiten, CMS (Content Management), Erweiterte SEO, Google Analytics, Blog-Funktion, 3 Monate Support.', 'Webdesign', 1999, 'Projekt', true, 202, '2025-12-31T06:22:51.832791+00:00', '2025-12-31T06:22:51.832791+00:00'),
('a9649d6f-ec37-4493-9d72-7e7b3f2ff9c2', 'Website Enterprise', 'Individuelle Lösungen für anspruchsvolle Projekte. Komplett individuell, Unbegrenzte Seiten, E-Commerce möglich, Premium SEO Paket, Performance-Optimierung, API-Integrationen, 12 Monate Support.', 'Webdesign', 4999, 'Projekt', true, 203, '2025-12-31T06:22:51.832791+00:00', '2025-12-31T06:22:51.832791+00:00'),
('dd6f59a0-cbe9-4dde-b666-c3805b7a2e28', 'SEO-Optimierung Basis', 'Basis SEO-Optimierung: Meta-Tags, Seitentitel, lokale SEO.', 'Webdesign', 199, 'Projekt', true, 204, '2025-12-31T06:22:51.832791+00:00', '2025-12-31T06:22:51.832791+00:00'),
('f5ab2ef8-92d7-40a4-9019-b801df79c842', 'SEO-Optimierung Premium', 'Umfassende SEO-Optimierung inkl. Content-Strategie und Backlink-Aufbau.', 'Webdesign', 499, 'Monat', true, 205, '2025-12-31T06:22:51.832791+00:00', '2025-12-31T06:22:51.832791+00:00'),
('b5bf1410-3c60-4572-9665-2a2b15083b2e', 'Website-Wartung', 'Monatliche Wartung, Updates, Backups und Sicherheits-Checks.', 'Webdesign', 79, 'Monat', true, 206, '2025-12-31T06:22:51.832791+00:00', '2025-12-31T06:22:51.832791+00:00'),
('fbfd3988-5ed9-4382-a91c-7619a7ae6640', 'Logo-Design', 'Professionelles Logo-Design mit 3 Entwürfen.', 'Webdesign', 299, 'Projekt', true, 207, '2025-12-31T06:22:51.832791+00:00', '2025-12-31T06:22:51.832791+00:00'),
('84240040-10fe-4dc9-8ab9-30640119702a', 'Content-Erstellung', 'Professionelle Texterstellung für Ihre Website (pro Seite).', 'Webdesign', 99, 'Seite', true, 208, '2025-12-31T06:22:51.832791+00:00', '2025-12-31T06:22:51.832791+00:00'),
('9c0e1844-c5e3-499e-98a3-4ea7cc5e78ea', 'Foto-Shooting', 'Professionelles Foto-Shooting für Ihre Website (halber Tag).', 'Webdesign', 399, 'pauschal', true, 209, '2025-12-31T06:22:51.832791+00:00', '2025-12-31T06:22:51.832791+00:00'),
('f8cf54ff-3eb4-45a5-b885-34176b1626fd', 'Google My Business Setup', 'Professionelle Einrichtung und Optimierung Ihres Google My Business Profils.', 'Webdesign', 149, 'Projekt', true, 210, '2025-12-31T06:22:51.832791+00:00', '2025-12-31T06:22:51.832791+00:00'),
('83e64458-763a-49d5-8fc6-06d097e746b5', 'SSL-Zertifikat Einrichtung', 'Installation und Konfiguration von SSL-Zertifikaten.', 'Webdesign', 49, 'Projekt', true, 211, '2025-12-31T06:22:51.832791+00:00', '2025-12-31T06:22:51.832791+00:00'),
('95082d7b-e2d1-410d-9764-b6dbd9b328f0', 'Website-Migration', 'Umzug Ihrer Website auf einen neuen Server/Hoster.', 'Webdesign', 249, 'Projekt', true, 212, '2025-12-31T06:22:51.832791+00:00', '2025-12-31T06:22:51.832791+00:00'),
('54af4fee-54f1-4137-b25d-228e5c37b068', 'Anfahrt Ansbach', 'Anfahrtspauschale innerhalb Ansbach (kostenlos).', 'Sonstiges', 0, 'pauschal', true, 300, '2025-12-31T06:22:51.832791+00:00', '2025-12-31T06:22:51.832791+00:00'),
('cd356850-529d-40ac-8b62-9a1af2f13992', 'Anfahrt Nürnberg', 'Anfahrtspauschale innerhalb Nürnberg.', 'Sonstiges', 15, 'pauschal', true, 301, '2025-12-31T06:22:51.832791+00:00', '2025-12-31T06:22:51.832791+00:00'),
('1e7af14d-0c80-415f-adaa-81540451a7d0', 'Anfahrt bis 25km', 'Anfahrtspauschale im Umkreis von 25km.', 'Sonstiges', 25, 'pauschal', true, 302, '2025-12-31T06:22:51.832791+00:00', '2025-12-31T06:22:51.832791+00:00'),
('38380198-f7e5-4c73-abb5-5537581bbacb', 'Anfahrt bis 50km', 'Anfahrtspauschale im Umkreis von 50km.', 'Sonstiges', 45, 'pauschal', true, 303, '2025-12-31T06:22:51.832791+00:00', '2025-12-31T06:22:51.832791+00:00'),
('3ddb543f-dc2b-45bb-8568-2ddc2df3dce1', 'Express-Service 24h', 'Bevorzugte Bearbeitung innerhalb 24 Stunden.', 'Sonstiges', 49, 'pauschal', true, 304, '2025-12-31T06:22:51.832791+00:00', '2025-12-31T06:22:51.832791+00:00'),
('b88460c6-cb9b-4750-a28d-9fbea24e91b1', 'Express-Service Same-Day', 'Bearbeitung am selben Tag (nach Verfügbarkeit).', 'Sonstiges', 99, 'pauschal', true, 305, '2025-12-31T06:22:51.832791+00:00', '2025-12-31T06:22:51.832791+00:00'),
('78e83199-142b-4368-abf3-137dcb1cba40', 'Abholung & Lieferung', 'Kostenlose Abholung und Rücklieferung innerhalb Ansbach.', 'Sonstiges', 0, 'pauschal', true, 306, '2025-12-31T06:22:51.832791+00:00', '2025-12-31T06:22:51.832791+00:00'),
('078a55a8-4fac-40c3-8fc3-23df5e0f6f60', 'Datenübertragung', 'Übertragung Ihrer Daten von altem auf neues Gerät.', 'Sonstiges', 39, 'pauschal', true, 307, '2025-12-31T06:22:51.832791+00:00', '2025-12-31T06:22:51.832791+00:00'),
('5d23107e-bd10-42fa-adaa-098dac3fa571', 'Software-Installation', 'Installation von Standard-Software (Office, Browser, etc.).', 'Sonstiges', 29, 'Stunde', true, 308, '2025-12-31T06:22:51.832791+00:00', '2025-12-31T06:22:51.832791+00:00'),
('5fd582dc-6e34-46d4-91ac-d623c2c098c0', 'Schulung & Einweisung', 'Individuelle Schulung zur PC-Bedienung oder Software (pro Stunde).', 'Sonstiges', 69, 'Stunde', true, 309, '2025-12-31T06:22:51.832791+00:00', '2025-12-31T06:22:51.832791+00:00'),
('ab14dae7-6a5e-41db-837c-8e3c55bb2769', 'Laptop Reinigung STD', NULL, 'Dienstleistung', 30, 'Stk.', true, 100, '2026-01-29T15:07:50.683467+00:00', '2026-01-29T15:07:50.683467+00:00')
ON CONFLICT (id) DO NOTHING;

-- 3. QUOTES
INSERT INTO quotes (id, quote_number, customer_id, inquiry_id, status, quote_date, valid_until, subtotal, discount_percent, discount_amount, total, notes, terms, sent_at, accepted_at, created_at, updated_at) VALUES
('4ff4871c-2c65-4cb8-9785-f62357be7bf2', 'AG-2025-0001', '5d7c05ca-2014-44ec-960e-a0a5bf15d74b', NULL, 'angenommen', '2025-12-22', '2026-01-21', 79, 10, 7.9, 71.1, NULL, NULL, NULL, NULL, '2025-12-26T17:09:11.80586+00:00', '2025-12-26T17:12:47.722855+00:00'),
('35baf377-8e6e-4174-8552-bc951f447137', 'AG-2025-0007', NULL, NULL, 'entwurf', '2025-12-31', NULL, 0, 0, 0, 0, NULL, NULL, NULL, NULL, '2025-12-31T06:01:39.831281+00:00', '2026-01-01T19:25:12.869219+00:00'),
('df55c46e-a34f-47e2-862b-b47648366c2e', 'AG-2026-0008', '31d252c3-cc1d-45bc-972c-29bf861570ca', NULL, 'entwurf', '2026-01-01', '2026-01-05', 300, 0, 0, 300, E'Grafikkarte: NVIDIA RTX 2060 6GB\nProzessor :  AMD Ryzen 5 2600X mit CPU Kühler \nArbeitsspeicher: 16 GB DDR4 Ram\nSpeicher: 256 GB SSD \nNetzteil: Mind 500W''\nGehäuse mit Lüfter', NULL, NULL, NULL, '2026-01-01T19:29:36.484613+00:00', '2026-01-01T19:29:36.484613+00:00'),
('fac1699e-72cf-48b6-aa2f-887ff9fdc139', 'AG-2026-0013', '597c7cbc-8827-48a2-b6e7-ae63ad498116', NULL, 'entwurf', '2026-01-29', NULL, 108.5, 0, 0, 108.5, NULL, NULL, NULL, NULL, '2026-01-29T15:27:01.809654+00:00', '2026-01-29T15:27:01.809654+00:00')
ON CONFLICT (id) DO NOTHING;

-- 4. QUOTE ITEMS
INSERT INTO quote_items (id, quote_id, service_id, position, description, quantity, unit, unit_price, discount_percent, total, created_at) VALUES
('5bff1852-5ebf-423c-b32d-1757ee34c2c0', 'df55c46e-a34f-47e2-862b-b47648366c2e', '4453f449-712d-43d2-954b-9da1e04903ff', 1, 'PC Zusammenbau - Wir bauen Ihren Wunsch-PC nach Ihren Anforderungen zusammen – ob Gaming, Office oder Workstation. Individuelle Konfiguration, Windows-Installation, 12 Monate Garantie.', 1, 'pauschal', 300, 0, 300, '2026-01-01T19:29:36.591648+00:00'),
('f6e7ab06-94e4-4a29-acf4-01ef8816fe95', 'fac1699e-72cf-48b6-aa2f-887ff9fdc139', '5f292522-801d-451a-bd82-ffb0f9e4812e', 1, 'Laptop Reparatur - Professionelle Laptop-Reparatur: Display-Austausch, Tastatur-Reparatur, Akku-Wechsel, Mainboard-Reparatur.', 1.5, 'Std.', 49, 0, 73.5, '2026-01-29T15:27:01.932943+00:00'),
('b7f63e22-efeb-48a7-9654-997c9461bc2a', 'fac1699e-72cf-48b6-aa2f-887ff9fdc139', 'ab14dae7-6a5e-41db-837c-8e3c55bb2769', 2, 'Laptop Reinigung STD', 1, 'Stk.', 20, 0, 20, '2026-01-29T15:27:01.932943+00:00'),
('676af4f3-2309-40eb-b84d-8f347cab50a1', 'fac1699e-72cf-48b6-aa2f-887ff9fdc139', 'bf613642-36d7-47d0-bf72-6f28cb506f62', 3, 'PC-Aufrüstung - Mehr Leistung für Ihren Computer durch gezielte Hardware-Upgrades. SSD-Upgrade, RAM-Erweiterung, Grafikkarten-Einbau, CPU-Wechsel.', 1, 'Stunde', 15, 0, 15, '2026-01-29T15:27:01.932943+00:00')
ON CONFLICT (id) DO NOTHING;

-- 5. INVOICES
INSERT INTO invoices (id, invoice_number, customer_id, quote_id, status, invoice_date, delivery_date, due_date, subtotal, discount_percent, discount_amount, total, notes, payment_terms, sent_at, paid_at, paid_amount, payment_method, created_at, updated_at) VALUES
('e1cbe227-3b9c-4637-95e0-e48d64eac432', 'RE-2025-0019', '5d7c05ca-2014-44ec-960e-a0a5bf15d74b', NULL, 'bezahlt', '2025-12-26', NULL, NULL, 79, 10, 7.9, 71.1, NULL, NULL, NULL, '2025-12-29T04:22:02.659+00:00', NULL, 'Überweisung, PayPal', '2025-12-26T17:45:37.014068+00:00', '2025-12-29T04:22:06.276582+00:00'),
('4f9085fe-4653-401c-bc50-d041fe03be01', 'RE-2026-0026', '31d252c3-cc1d-45bc-972c-29bf861570ca', NULL, 'entwurf', '2026-01-01', NULL, NULL, 300, 0, 0, 300, E'Falls die Teile doch günstiger sind wird der preis des PC´s auch günstiger. \nEs Handelt sich um gebrauchte Hardware, darum keine Gewährleistung auf die Hardware, nur auf die Arbeitsleistung. \nGrafikkarte: NVIDIA RTX 2060 6GB\nProzessor :  AMD Ryzen 5 2600X mit CPU Kühler \nArbeitsspeicher: 16 GB DDR4 Ram\nSpeicher: 256 GB SSD \nEvtl. HDD dazu \nNetzteil: Mind 500W''\nGehäuse mit Lüfter\n', NULL, NULL, NULL, NULL, 'Überweisung', '2026-01-01T19:35:21.027866+00:00', '2026-01-01T19:44:13.657077+00:00')
ON CONFLICT (id) DO NOTHING;

-- 6. INVOICE ITEMS
INSERT INTO invoice_items (id, invoice_id, service_id, position, description, quantity, unit, unit_price, discount_percent, total, created_at) VALUES
('2f16fc12-ed2b-4d39-86e4-53dfd298d257', '4f9085fe-4653-401c-bc50-d041fe03be01', '4453f449-712d-43d2-954b-9da1e04903ff', 1, 'PC Zusammenbau', 1, 'pauschal', 300, 0, 300, '2026-01-01T19:44:08.047563+00:00')
ON CONFLICT (id) DO NOTHING;

-- 7. JOBS
INSERT INTO jobs (id, customer_id, title, description, status, notes, scheduled_date, completed_date, created_at, updated_at) VALUES
('1dfd1eea-448e-44f1-bf10-6ec3047599ca', '31d252c3-cc1d-45bc-972c-29bf861570ca', 'Auftrag aus Angebot AG-2026-0008', 'PC Zusammenbau - Wir bauen Ihren Wunsch-PC nach Ihren Anforderungen zusammen – ob Gaming, Office oder Workstation. Individuelle Konfiguration, Windows-Installation, 12 Monate Garantie. (1 pauschal)', 'offen', E'Erstellt aus Angebot AG-2026-0008\nGesamtwert: 300,00 €', '2026-01-01', NULL, '2026-01-01T19:31:15.006389+00:00', '2026-01-01T19:31:15.006389+00:00')
ON CONFLICT (id) DO NOTHING;

-- 8. ADMIN SETTINGS (Update existing)
UPDATE admin_settings SET value = '{"accent_color": "#3b82f6", "quote_footer": "Kleinunternehmer gemäß § 19 UStG - keine Ausweisung von Umsatzsteuer.", "quote_header": "", "invoice_footer": "Kleinunternehmer gemäß § 19 UStG - keine Ausweisung von Umsatzsteuer.", "invoice_header": ""}'::jsonb WHERE key = 'pdf_templates';
UPDATE admin_settings SET value = '{"quote_body": "Sehr geehrte/r {KUNDE_NAME},\n\nanbei erhalten Sie Ihr Angebot.\n\nMit freundlichen Grüßen", "invoice_body": "Sehr geehrte/r {KUNDE_NAME},\n\nanbei erhalten Sie Ihre Rechnung.\n\nMit freundlichen Grüßen", "quote_subject": "Ihr Angebot {ANGEBOT_NR}", "reminder_body": "Sehr geehrte/r {KUNDE_NAME},\n\nbitte beachten Sie die ausstehende Zahlung.\n\nMit freundlichen Grüßen", "invoice_subject": "Ihre Rechnung {RECHNUNG_NR}", "reminder_subject": "Zahlungserinnerung {RECHNUNG_NR}"}'::jsonb WHERE key = 'email_templates';
UPDATE admin_settings SET value = '{"daily_summary": false, "email_on_inquiry": true, "email_on_appointment": true}'::jsonb WHERE key = 'notifications';
UPDATE admin_settings SET value = '{"paypal_link": "paypal.me/Petasync", "card_enabled": false, "cash_enabled": true, "sepa_enabled": true, "other_methods": "", "paypal_enabled": true}'::jsonb WHERE key = 'payment_methods';
UPDATE admin_settings SET value = '{"logo_url": "", "logo_variant": "black-white", "logo_icon_url": "", "primary_color": "#8B5CF6", "secondary_color": "#F5F5DC", "google_review_url": "https://g.page/r/CQK0_JUPk25hEAE/review"}'::jsonb WHERE key = 'branding';
UPDATE admin_settings SET value = '{"bic": "REVOLT21", "zip": "90599", "city": "Dietenhofen", "iban": "LT713250090052740548", "name": "Petasync", "email": "service@petasync.de", "owner": "Phillip Scheiderer", "phone": "+49 163 711 7198", "street": "Neudorf 14", "website": "https://petasync.de", "bank_name": "Revolut Bank UAB", "tax_number": "203/266/80584"}'::jsonb WHERE key = 'company';
UPDATE admin_settings SET value = '{"quote_prefix": "AG", "quote_suffix": "", "quote_counter": 14, "invoice_prefix": "RE", "invoice_suffix": "", "customer_prefix": "KD", "invoice_counter": 27, "customer_counter": 12, "quote_year_reset": true, "invoice_year_reset": true}'::jsonb WHERE key = 'number_sequences';

-- Insert payment_methods if not exists
INSERT INTO admin_settings (key, value) VALUES ('payment_methods', '{"paypal_link": "paypal.me/Petasync", "card_enabled": false, "cash_enabled": true, "sepa_enabled": true, "other_methods": "", "paypal_enabled": true}'::jsonb) ON CONFLICT (key) DO NOTHING;
INSERT INTO admin_settings (key, value) VALUES ('branding', '{"logo_url": "", "logo_variant": "black-white", "logo_icon_url": "", "primary_color": "#8B5CF6", "secondary_color": "#F5F5DC", "google_review_url": "https://g.page/r/CQK0_JUPk25hEAE/review"}'::jsonb) ON CONFLICT (key) DO NOTHING;

-- DONE!
SELECT 'Migration erfolgreich!' as status;
